season,Match_date,city,team1,team2,winner,toss_winner,toss_decision,win_by_runs,win_by_wickets
2005,2005/02/17,Auckland,New Zealand , Australia, Australia, Australia,bat,44,
2005,2005/06/13,Southampton,England, Australia,England,England,bat,100,
2005,2005/10/21,Johannesburg,South Africa,New Zealand,New Zealand,New Zealand,bat,,5
2006,2006/01/09,Brisbane,Australia , South Africa,Australia ,Australia ,bat,95,
2006,2006/02/16,Auckland,New Zealand , West Indies,,New Zealand ,bat,-,-
2006,2006/02/24,Johannesburg,South Africa , Australia,South Africa ,South Africa ,bat,2,
2006,2006/06/15,Southampton,England , Sri Lanka, Sri Lanka, Sri Lanka,bat,2,
2006,2006/08/28,Bristol,England , Pakistan, Pakistan,England ,bat,,5
2006,2006/11/28,Khulna,Bangladesh , Zimbabwe,Bangladesh , Zimbabwe,field,43,
2006,2006/12/01,Johannesburg,South Africa, India, India,South Africa,bat,,6
2006,2006/12/22,Wellington,New Zealand , Sri Lanka, Sri Lanka,New Zealand ,bat,18,
2006,2006/12/26,Auckland,New Zealand , Sri Lanka,New Zealand ,New Zealand ,field,,5
2007,2007/01/09,Sydney,Australia , England,Australia ,Australia ,bat,77,
2007,2007/02/02,Johannesburg,South Africa,Pakistan,South Africa,South Africa,field,,
2007,2007/06/28,The Oval,England , West Indies, West Indies, West Indies,bat,15,
2007,2007/06/29,The Oval,England,West Indies,England,West Indies,bat,,5
2007,2007/09/01,Nairobi (Gym),Kenya , Bangladesh, Bangladesh, Bangladesh,field,,5
2007,2007/09/02,Nairobi (Gym), Pakistan,Bangladesh , Pakistan,Bangladesh ,field,30,
2007,2007/09/04,Nairobi (Gym),Kenya,Pakistan,Pakistan,Kenya,bat,,8
2007,2007/09/11,Johannesburg,South Africa,West Indies,South Africa,South Africa,field,,8
2007,2007/09/12,Cape Town,Australia ,Zimbabwe,Zimbabwe,Australia ,bat,,5
2007,2007/09/12,Durban,Kenya ,New Zealand,New Zealand,New Zealand,field,,9
2007,2007/09/12,Durban,Pakistan ,Scotland,Scotland,Scotland,field,51,
2007,2007/09/13,Johannesburg,Bangladesh , West Indies, West Indies, West Indies,bat,,6
2007,2007/09/13,Cape Town,England, Zimbabwe,England,England,bat,50,
2007,2007/09/13,Durban,India ,Scotland,,,,-,-
2007,2007/09/14,Cape Town,Australia,England,Australia,England,bat,,8
2007,2007/09/14,Durban,India ,Pakistan,,Pakistan,field,-,-
2007,2007/09/14,Johannesburg,Kenya, Sri Lanka, Sri Lanka,Kenya,field,172,
2007,2007/09/15,Johannesburg,New Zealand ,Sri Lanka,Sri Lanka,New Zealand ,bat,,7
2007,2007/09/15,Cape Town,South Africa, Bangladesh,South Africa,South Africa,field,,7
2007,2007/09/16,Cape Town,Australia ,Bangladesh,Australia ,Australia ,field,,9
2007,2007/09/16,Johannesburg,India ,New Zealand,New Zealand,India ,field,10,
2007,2007/09/16,Cape Town,South Africa ,England,South Africa ,England,field,19,
2007,2007/09/17,Johannesburg,Pakistan ,Sri Lanka,Sri Lanka,Sri Lanka,bat,33,
2007,2007/09/18,Johannesburg,Australia ,Pakistan,Pakistan,Pakistan,field,,6
2007,2007/09/18,Johannesburg,Bangladesh ,Sri Lanka,Sri Lanka,Bangladesh ,field,64,
2007,2007/09/18,Durban,England ,New Zealand,New Zealand,England ,field,5,
2007,2007/09/19,Durban,England ,India,India,India,field,18,
2007,2007/09/19,Durban,South Africa,New Zealand,South Africa,South Africa,field,,6
2007,2007/09/20,Cape Town,Australia ,Sri Lanka,Australia ,Australia ,field,,
2007,2007/09/20,Cape Town,Bangladesh ,Pakistan,Pakistan,Pakistan,field,,4
2007,2007/09/20,Durban,South Africa,India,India,India,bat,37,
2007,2007/09/22,Durban,Australia , India, India,Australia ,bat,15,
2007,2007/09/22,Cape Town,New Zealand , Pakistan, Pakistan,New Zealand ,bat,,6
2007,2007/09/24,Johannesburg,India, Pakistan,India,India,bat,5,
2007,2007/10/20,Mumbai (BS),India ,Australia,India ,Australia,bat,,7
2007,2007/11/23,Johannesburg,South Africa, New Zealand, New Zealand, New Zealand,field,,3
2007,2007/12/11,Perth,Australia , New Zealand,Australia ,Australia ,bat,54,
2007,2007/12/16,Port Elizabeth,South Africa, West Indies, West Indies, West Indies,bat,,5
2008,2008/01/18,Johannesburg,South Africa ,West Indies,South Africa ,South Africa ,field,,4
2008,2008/02/01,Melbourne,Australia ,India,Australia ,India,bat,,9
2008,2008/02/05,Auckland,New Zealand ,England,England,New Zealand ,bat,32,
2008,2008/02/07,Christchurch,New Zealand ,England,England,England,bat,50,
2008,2008/04/20,Karachi,Pakistan ,Bangladesh,Pakistan ,Pakistan ,bat,102,
2008,2008/06/13,Manchester,England ,New Zealand,England ,England ,field,,9
2008,2008/06/20,Bridgetown,West Indies , Australia,West Indies ,West Indies ,field,,7
2008,2008/08/02,Belfast,Canada ,Netherlands,Canada ,Netherlands,bat,,4
2008,2008/08/02,Belfast,Kenya , Netherlands, Netherlands,Kenya ,field,19,
2008,2008/08/03,Belfast,Canada, Kenya, Kenya,Canada,bat,,4
2008,2008/08/03,Belfast,Ireland ,Bermuda,Ireland ,Ireland ,field,4,
2008,2008/08/04,Belfast,Ireland ,Kenya,Kenya,Kenya,bat,,4
2008,2008/08/04,Belfast,Netherlands ,Scotland,Netherlands ,Netherlands ,field,,5
2008,2008/08/05,Belfast,Bermuda , Canada, Canada, Canada,field,,8
2008,2008/08/05,Belfast,Ireland ,Netherlands,,,,-,-
2008,2008/08/20,Chester-le-Street,England , South Africa,,,,-,-
2008,2008/10/10,King City (NW),Canada , Pakistan, Pakistan, Pakistan,bat,35,
2008,2008/10/10,King City (NW),Sri Lanka,Zimbabwe,Sri Lanka,Sri Lanka,field,,5
2008,2008/10/11,King City (NW),Canada ,Zimbabwe,,Zimbabwe,field,-,-
2008,2008/10/11,King City (NW),Pakistan , Sri Lanka,Pakistan ,Pakistan ,field,,3
2008,2008/10/12,King City (NW),Canada , Sri Lanka, Sri Lanka, Sri Lanka,bat,15,
2008,2008/10/12,King City (NW),Pakistan , Zimbabwe,Pakistan , Zimbabwe,bat,,7
2008,2008/10/13,King City (NW),Canada,Zimbabwe,,Zimbabwe,field,109,
2008,2008/10/13,King City (NW),Pakistan , Sri Lanka, Sri Lanka, Sri Lanka,field,,5
2008,2008/11/05,Johannesburg,South Africa ,Bangladesh,South Africa ,Bangladesh,field,12,
2008,2008/12/26,Auckland,New Zealand , West Indies,,New Zealand ,bat,-,-
2008,2008/12/28,Hamilton,New Zealand ,West Indies,New Zealand ,New Zealand ,bat,36,
2009,2009/01/11,Melbourne,Australia , South Africa,Australia ,Australia ,bat,52,
2009,2009/01/13,Brisbane,Australia ,South Africa,Australia ,South Africa,bat,,6
2009,2009/02/10,Colombo (RPS),Sri Lanka ,India,India,Sri Lanka ,bat,,3
2009,2009/02/15,Sydney,Australia , New Zealand, New Zealand,Australia ,bat,1,
2009,2009/02/25,Christchurch,New Zealand , India,New Zealand ,New Zealand ,field,,7
2009,2009/02/27,Wellington,New Zealand , India,New Zealand ,New Zealand ,field,,5
2009,2009/03/15,Port of Spain,West Indies ,England,England,England,bat,,6
2009,2009/03/27,Johannesburg,South Africa,Australia,South Africa,South Africa,field,,4
2009,2009/03/29,Centurion,South Africa,Australia,South Africa,Australia,field,17,
2009,2009/05/07,Dubai (DSC),Australia , Pakistan, Pakistan, Pakistan,bat,,7
2009,2009/06/05,Lord's,England,Netherlands,Netherlands,Netherlands,field,,4
2009,2009/06/06,The Oval,Australia ,West Indies,West Indies,Australia ,bat,,7
2009,2009/06/06,Nottingham,Bangladesh, India, India, India,bat,25,
2009,2009/06/06,The Oval,New Zealand ,Scotland,New Zealand ,New Zealand ,field,,7
2009,2009/06/07,The Oval,England, Pakistan,England, Pakistan,field,48,
2009,2009/06/07,The Oval,Scotland ,South Africa,South Africa,Scotland ,field,130,
2009,2009/06/08,Nottingham,Australia , Sri Lanka, Sri Lanka, Sri Lanka,field,,6
2009,2009/06/08,Nottingham,Bangladesh ,Ireland,Ireland,Ireland,field,,6
2009,2009/06/09,Lord's,Netherlands ,Pakistan,Pakistan,Pakistan,bat,82,
2009,2009/06/09,Lord's,New Zealand , South Africa, South Africa,New Zealand ,field,1,
2009,2009/06/10,Nottingham,India ,Ireland,India ,India ,field,,8
2009,2009/06/10,Nottingham,Sri Lanka , West Indies,Sri Lanka , West Indies,field,15,
2009,2009/06/11,Nottingham,England,South Africa,South Africa,England,bat,,7
2009,2009/06/11,Nottingham,Ireland ,New Zealand,New Zealand,Ireland ,field,83,
2009,2009/06/12,Lord's,India ,West Indies,West Indies,India ,bat,,7
2009,2009/06/12,Lord's,Pakistan ,Sri Lanka,Sri Lanka,Sri Lanka,bat,19,
2009,2009/06/13,The Oval,New Zealand , Pakistan, Pakistan,New Zealand ,bat,,6
2009,2009/06/13,The Oval,South Africa, West Indies,South Africa, West Indies,field,20,
2009,2009/06/14,Lord's,England,India,England,India,field,3,
2009,2009/06/14,Lord's,Ireland ,Sri Lanka,Sri Lanka,Sri Lanka,bat,9,
2009,2009/06/15,The Oval,England, West Indies, West Indies,England,bat,,5
2009,2009/06/15,The Oval,Ireland ,Pakistan,Pakistan,Pakistan,bat,39,
2009,2009/06/16,Nottingham,India ,South Africa,South Africa,South Africa,bat,12,
2009,2009/06/16,Nottingham,New Zealand , Sri Lanka, Sri Lanka, Sri Lanka,bat,48,
2009,2009/06/18,Nottingham,Pakistan ,South Africa,Pakistan ,Pakistan ,bat,7,
2009,2009/06/19,The Oval,Sri Lanka ,West Indies,Sri Lanka ,West Indies,field,57,
2009,2009/06/21,Lord's,Pakistan ,Sri Lanka,Pakistan ,Sri Lanka,bat,,8
2009,2009/08/02,Basseterre,West Indies,Bangladesh,West Indies,Bangladesh,bat,,5
2009,2009/08/12,Colombo (RPS),Sri Lanka ,Pakistan,Pakistan,Pakistan,bat,52,
2009,2009/08/30,Manchester,England,Australia,,England,field,-,-
2009,2009/09/01,Manchester,England,Australia,,,,-,-
2009,2009/09/02,Colombo (RPS),Sri Lanka ,New Zealand,New Zealand,New Zealand,bat,3,
2009,2009/09/04,Colombo (RPS),Sri Lanka , New Zealand, New Zealand, New Zealand,bat,22,
2009,2009/11/12,Dubai (DSC),New Zealand , Pakistan, Pakistan,New Zealand ,field,49,
2009,2009/11/13,Dubai (DSC),New Zealand ,Pakistan,Pakistan,Pakistan,bat,7,
2009,2009/11/13,Johannesburg,South Africa,England,England,South Africa,field,1,
2009,2009/11/15,Centurion,South Africa, England,South Africa,South Africa,bat,84,
2009,2009/12/09,Nagpur,India ,Sri Lanka,Sri Lanka,India ,field,29,
2009,2009/12/12,Mohali,India ,Sri Lanka,India ,Sri Lanka,bat,,6
2010,2010/02/01,Colombo (PSS),Afghanistan , Ireland, Ireland, Ireland,bat,,5
2010,2010/02/03,Hamilton,New Zealand, Bangladesh,New Zealand, Bangladesh,bat,,
2010,2010/02/04,Colombo (SSC),Afghanistan ,Canada,Canada,Canada,bat,,5
2010,2010/02/04,Nairobi (Gym),Kenya , Scotland, Scotland, Scotland,bat,,
2010,2010/02/05,Melbourne,Australia ,Pakistan,Australia ,Australia ,bat,2,
2010,2010/02/09,Dubai (DSC),Afghanistan ,Ireland,Afghanistan ,Ireland,field,13,
2010,2010/02/09,Dubai (DSC),Canada ,Netherlands,Netherlands,Canada ,bat,,6
2010,2010/02/10,Abu Dhabi,Afghanistan , Scotland,Afghanistan , Scotland,field,14,
2010,2010/02/10,Dubai (DSC),Canada , Kenya, Kenya, Kenya,field,,9
2010,2010/02/11,Dubai (DSC),Ireland ,Scotland,Ireland ,Ireland ,bat,37,
2010,2010/02/11,Abu Dhabi,Kenya , Netherlands, Netherlands, Netherlands,field,,7
2010,2010/02/12,Dubai (DSC),Afghanistan , Netherlands, Netherlands, Netherlands,field,,4
2010,2010/02/13,Dubai (DSC),Afghanistan , Ireland,Afghanistan , Ireland,field,,8
2010,2010/02/13,Dubai (DSC),Ireland , Netherlands,Ireland ,Ireland ,bat,65,
2010,2010/02/19,Dubai (DSC),England, Pakistan,England, Pakistan,bat,,7
2010,2010/02/20,Dubai (DSC),England,Pakistan,Pakistan,Pakistan,field,,4
2010,2010/02/21,Hobart,Australia ,West Indies,Australia ,Australia ,bat,38,
2010,2010/02/23,Sydney,Australia , West Indies,Australia , West Indies,bat,,8
2010,2010/02/26,Wellington,New Zealand, Australia, Australia,New Zealand,bat,,6
2010,2010/02/28,Christchurch,New Zealand, Australia,,New Zealand,bat,-,-
2010,2010/02/28,Port of Spain,West Indies , Zimbabwe, Zimbabwe, Zimbabwe,bat,26,
2010,2010/04/30,Providence,New Zealand, Sri Lanka,New Zealand,New Zealand,bat,,2
2010,2010/04/30,Providence,New Zealand, Sri Lanka, Sri Lanka,New Zealand,bat,70,
2010,2010/05/01,Gros Islet,Afghanistan , India, India, India,field,,7
2010,2010/05/01,Gros Islet,Bangladesh , Pakistan, Pakistan, Pakistan,bat,21,
2010,2010/05/02,Gros Islet,Australia , Pakistan,Australia ,Australia ,bat,34,
2010,2010/05/02,Gros Islet,India , South Africa,India , South Africa,field,14,
2010,2010/05/03,Providence,Sri Lanka , Zimbabwe,Sri Lanka ,Sri Lanka ,bat,14,
2010,2010/05/03,Providence,West Indies , England, England,West Indies ,field,,8
2010,2010/05/04,Providence,England, Ireland,, Ireland,field,-,-
2010,2010/05/04,Providence,New Zealand,Zimbabwe,Zimbabwe,Zimbabwe,bat,7,
2010,2010/05/05,Bridgetown,Afghanistan , South Africa, South Africa,Afghanistan ,field,59,
2010,2010/05/05,Bridgetown,Australia ,Bangladesh,Australia ,Australia ,bat,27,
2010,2010/05/06,Bridgetown,England, Pakistan,England,England,field,,6
2010,2010/05/06,Bridgetown,New Zealand, South Africa, South Africa, South Africa,bat,13,
2010,2010/05/07,Bridgetown,Australia , India, India, India,field,49,
2010,2010/05/07,Bridgetown,West Indies , Sri Lanka, Sri Lanka, Sri Lanka,bat,57,
2010,2010/05/08,Bridgetown,England, South Africa,England,England,bat,39,
2010,2010/05/08,Bridgetown,New Zealand, Pakistan,New Zealand, Pakistan,field,1,
2010,2010/05/09,Bridgetown,Australia , Sri Lanka,Australia ,Australia ,bat,81,
2010,2010/05/09,Bridgetown,West Indies , India,West Indies , India,field,14,
2010,2010/05/10,Gros Islet,England, New Zealand,England, New Zealand,bat,,3
2010,2010/05/10,Gros Islet,Pakistan , South Africa,Pakistan ,Pakistan ,bat,11,
2010,2010/05/11,Gros Islet,India, Sri Lanka, Sri Lanka,India,bat,,5
2010,2010/05/11,Gros Islet,West Indies ,Australia,Australia,West Indies ,bat,,6
2010,2010/05/13,Gros Islet,England,Sri Lanka,England,Sri Lanka,bat,,7
2010,2010/05/14,Gros Islet,Australia , Pakistan,Australia ,Australia ,field,,3
2010,2010/05/16,Bridgetown,Australia , England, England, England,field,,7
2010,2010/05/19,North Sound,West Indies , South Africa, South Africa,West Indies ,field,13,
2010,2010/05/20,North Sound,West Indies ,South Africa,South Africa,West Indies ,field,1,
2010,2010/05/22,Lauderhill,New Zealand, Sri Lanka,New Zealand,New Zealand,bat,28,
2010,2010/05/23,Lauderhill,New Zealand, Sri Lanka, Sri Lanka,New Zealand,bat,,7
2010,2010/06/12,Harare,Zimbabwe, India, India, India,field,,6
2010,2010/06/13,Harare,Zimbabwe, India, India, India,field,,7
2010,2010/07/05,Birmingham,Australia , Pakistan, Pakistan, Pakistan,bat,23,
2010,2010/07/06,Birmingham,Australia ,Pakistan,Pakistan,Pakistan,bat,11,
2010,2010/09/05,Cardiff,England, Pakistan,England,England,field,,5
2010,2010/09/07,Cardiff,England,Pakistan,England,Pakistan,bat,,6
2010,2010/10/08,Bloemfontein,South Africa , Zimbabwe,South Africa ,Zimbabwe,bat,,7
2010,2010/10/10,Kimberley,South Africa ,Zimbabwe,South Africa ,South Africa ,bat,8,
2010,2010/10/26,Abu Dhabi,Pakistan , South Africa, South Africa,Pakistan ,bat,,6
2010,2010/10/27,Abu Dhabi,Pakistan ,South Africa,South Africa,Pakistan ,bat,,6
2010,2010/10/31,Perth,Australia ,Sri Lanka,Sri Lanka,Australia ,bat,,7
2010,2010/12/26,Auckland,New Zealand, Pakistan,New Zealand,New Zealand,field,,5
2010,2010/12/28,Hamilton,New Zealand,Pakistan,New Zealand,Pakistan,field,39,
2010,2010/12/30,Christchurch,New Zealand,Pakistan,Pakistan,Pakistan,bat,103,
2011,2011/01/09,Durban,South Africa, India, India, India,bat,21,
2011,2011/01/12,Adelaide,Australia ,England,England,Australia ,bat,,1
2011,2011/01/14,Melbourne,Australia , England,Australia ,Australia ,bat,4,
2011,2011/04/21,Gros Islet,West Indies, Pakistan,West Indies,West Indies,bat,7,
2011,2011/06/04,Port of Spain,West Indies,India,India,West Indies,field,16,
2011,2011/06/25,Bristol,England ,Sri Lanka,Sri Lanka,Sri Lanka,field,,9
2011,2011/08/06,Pallekele,Sri Lanka ,Australia,Sri Lanka ,Sri Lanka ,bat,35,
2011,2011/08/08,Pallekele,Sri Lanka , Australia,Sri Lanka , Australia,bat,8,
2011,2011/08/31,Manchester,England , India, India, India,bat,,6
2011,2011/09/16,Harare,Zimbabwe , Pakistan, Pakistan,Zimbabwe ,field,85,
2011,2011/09/18,Harare,Zimbabwe , Pakistan, Pakistan, Pakistan,bat,5,
2011,2011/09/23,The Oval,England , West Indies,England ,England ,field,,
2011,2011/09/25,The Oval,England ,West Indies,England , West Indies,bat,25,
2011,2011/10/11,Dhaka,Bangladesh , West Indies,Bangladesh ,Bangladesh ,field,,3
2011,2011/10/13,Cape Town,South Africa, Australia, Australia,South Africa,bat,,5
2011,2011/10/15,Harare,Zimbabwe , New Zealand, New Zealand, New Zealand,field,,
2011,2011/10/16,Johannesburg,South Africa,Australia,South Africa,Australia,bat,,3
2011,2011/10/17,Harare,Zimbabwe ,New Zealand,New Zealand,Zimbabwe ,field,34,
2011,2011/10/29,Kolkata,India,India , England,India ,bat,,6
2011,2011/11/25,Abu Dhabi,Pakistan , Sri Lanka,Pakistan , Sri Lanka,bat,,5
2011,2011/11/29,Dhaka,Bangladesh ,Pakistan,Pakistan,Pakistan,bat,50,
2012,2012/02/01,Sydney,Australia, India,Australia, India,filed,31,
2012,2012/02/03,Melbourne,Australia, India, India,Australia,bat,,8
2012,2012/02/11,Auckland,New Zealand ,Zimbabwe,New Zealand ,Zimbabwe,bat,,7
2012,2012/02/14,Hamilton,New Zealand ,Zimbabwe,New Zealand ,Zimbabwe,bat,,5
2012,2012/02/17,Wellington,New Zealand , South Africa,New Zealand ,New Zealand ,bat,,6
2012,2012/02/19,Hamilton,New Zealand ,South Africa,South Africa,South Africa,field,,8
2012,2012/02/22,Mombasa,Kenya , Ireland, Ireland, Ireland,filed,,6
2012,2012/02/22,Auckland,New Zealand , South Africa, South Africa,New Zealand ,field,3,
2012,2012/02/23,Dubai (DSC),England ,Pakistan,Pakistan,England ,field,8,
2012,2012/02/23,Mombasa,Kenya ,Ireland,Ireland,Kenya,bat,,8
2012,2012/02/24,Mombasa,Kenya , Ireland, Ireland, Ireland,bat,2,
2012,2012/02/25,Dubai (DSC),England ,Pakistan,England ,England ,bat,38,
2012,2012/02/27,Abu Dhabi,England ,Pakistan,England ,England ,bat,5,
2012,2012/03/13,Dubai (DSC),Canada , Netherlands, Netherlands, Netherlands,bat,42,
2012,2012/03/13,ICCA Dubai,Kenya , Scotland, Scotland, Scotland,bat,14,
2012,2012/03/14,Dubai (DSC),Afghanistan , Netherlands,Afghanistan , Netherlands,bat,,4
2012,2012/03/14,Dubai (DSC),Ireland , Kenya,Ireland , Kenya,bat,,
2012,2012/03/18,ICCA Dubai,Afghanistan ,Canada,Afghanistan ,Afghanistan ,bat,41,
2012,2012/03/18,Dubai (DSC),Ireland , Scotland, Scotland, Scotland,bat,17,
2012,2012/03/22,Dubai (DSC),Canada , Ireland, Ireland,Canada ,bat,,
2012,2012/03/22,ICCA Dubai,Netherlands , Scotland,Netherlands , Scotland,bat,,3
2012,2012/03/23,Dubai (DSC),Canada , Scotland, Scotland,Canada ,bat,,4
2012,2012/03/23,Dubai (DSC),Ireland , Netherlands,Ireland ,Ireland ,field,,7
2012,2012/03/24,Dubai (DSC),Afghanistan , Ireland, Ireland,Afghanistan ,bat,,5
2012,2012/03/27,Gros Islet,West Indies , Australia, Australia,West Indies ,bat,,8
2012,2012/03/30,Johannesburg,South Africa ,India,India,India,bat,11,
2012,2012/03/30,Bridgetown,West Indies , Australia,West Indies ,West Indies ,bat,14,
2012,2012/06/01,Hambantota,Sri Lanka , Pakistan,Sri Lanka ,Sri Lanka ,bat,37,
2012,2012/06/03,Hambantota,Sri Lanka , Pakistan, Pakistan, Pakistan,bat,23,
2012,2012/06/24,Nottingham,England , West Indies, West Indies, West Indies,bat,,7
2012,2012/06/30,Lauderhill,New Zealand , West Indies, West Indies,New Zealand ,field,56,
2012,2012/07/01,Lauderhill,New Zealand , West Indies, West Indies, West Indies,bat,61,
2012,2012/07/18,Belfast,Ireland ,Bangladesh,Bangladesh,Ireland ,field,71,
2012,2012/07/20,Belfast,Ireland , Bangladesh, Bangladesh, Bangladesh,bat,1,
2012,2012/07/21,Belfast,Ireland , Bangladesh, Bangladesh,Ireland ,bat,,2
2012,2012/07/24,The Hague,Bangladesh , Scotland, Scotland, Scotland,bat,34,
2012,2012/07/25,The Hague,Netherlands , Bangladesh, Bangladesh,Netherlands ,bat,,8
2012,2012/07/26,The Hague,Netherlands , Bangladesh,Netherlands , Bangladesh,bat,,1
2012,2012/08/07,Pallekele,Sri Lanka ,India,India,Sri Lanka ,field,39,
2012,2012/09/05,Dubai (DSC),Australia, Pakistan, Pakistan, Pakistan,field,,7
2012,2012/09/07,Dubai (DSC),Australia, Pakistan,, Pakistan,bat,-,-
2012,2012/09/08,Chester-le-Street,England , South Africa, South Africa, South Africa,field,,7
2012,2012/09/08,Visakhapatnam,India , New Zealand,,,,-,-
2012,2012/09/10,Dubai (DSC),Australia, Pakistan,Australia, Pakistan,field,94,
2012,2012/09/10,Manchester,England ,South Africa,,England ,field,-,-
2012,2012/09/11,Chennai,India ,New Zealand,New Zealand,India ,field,1,
2012,2012/09/12,Birmingham,England ,South Africa,England ,South Africa,field,28,
2012,2012/09/18,Hambantota,Sri Lanka , Zimbabwe,Sri Lanka , Zimbabwe,field,82,
2012,2012/09/19,Colombo (RPS),Afghanistan , India, India,Afghanistan ,field,23,
2012,2012/09/19,Colombo (RPS),Australia,Ireland,Australia,Ireland,bat,,7
2012,2012/09/20,Hambantota,South Africa , Zimbabwe,South Africa ,South Africa ,field,,
2012,2012/09/21,Colombo (RPS),Afghanistan ,England,England,Afghanistan ,field,116,
2012,2012/09/21,Pallekele,Bangladesh , New Zealand, New Zealand,Bangladesh ,field,59,
2012,2012/09/22,Colombo (RPS),Australia, West Indies, West Indies, West Indies,bat,17,
2012,2012/09/22,Hambantota,Sri Lanka , South Africa, South Africa,Sri Lanka ,field,32,
2012,2012/09/23,Colombo (RPS),England , India, India,England ,field,90,
2012,2012/09/23,Pallekele,New Zealand , Pakistan, Pakistan, Pakistan,bat,13,
2012,2012/09/24,Colombo (RPS),Ireland , West Indies,, West Indies,bat,-,-
2012,2012/09/25,Pallekele,Bangladesh , Pakistan, Pakistan, Pakistan,bat,,8
2012,2012/09/27,Pallekele,England ,West Indies,,West Indies,field,15,
2012,2012/09/27,Pallekele,Sri Lanka , New Zealand,, New Zealand,bat,-,-
2012,2012/09/28,Colombo (RPS),Australia, India,Australia, India,bat,,9
2012,2012/09/28,Colombo (RPS),Pakistan ,South Africa,Pakistan ,South Africa,bat,,2
2012,2012/09/29,Pallekele,England , New Zealand,England , New Zealand,bat,,6
2012,2012/09/29,Pallekele,Sri Lanka , West Indies,Sri Lanka , West Indies,bat,,9
2012,2012/09/30,Colombo (RPS),Australia, South Africa,Australia,Australia,field,,8
2012,2012/09/30,Colombo (RPS),India , Pakistan,India , Pakistan,bat,,8
2012,2012/10/01,Pallekele,New Zealand ,West Indies,,New Zealand ,field,-,-
2012,2012/10/01,Pallekele,Sri Lanka , England,Sri Lanka , England,field,19,
2012,2012/10/02,Colombo (RPS),Australia,Pakistan,Pakistan,Australia,field,32,
2012,2012/10/02,Colombo (RPS),India , South Africa,India , South Africa,field,1,
2012,2012/10/04,Colombo (RPS),Sri Lanka , Pakistan,Sri Lanka ,Sri Lanka ,bat,16,
2012,2012/10/05,Colombo (RPS),Australia, West Indies, West Indies, West Indies,bat,74,
2012,2012/10/07,Colombo (RPS),Sri Lanka , West Indies, West Indies, West Indies,bat,36,
2012,2012/10/30,Pallekele,Sri Lanka , New Zealand,,Sri Lanka ,field,-,-
2012,2012/12/10,Dhaka,Bangladesh , West Indies, West Indies, West Indies,bat,18,
2012,2012/12/20,Pune,India , England,India ,India ,field,,5
2012,2012/12/21,Durban,South Africa , New Zealand,South Africa , New Zealand,bat,,8
2012,2012/12/22,Mumbai,India ,England,England,England,field,,6
2012,2012/12/23,East London,South Africa , New Zealand, New Zealand, New Zealand,field,,8
2012,2012/12/25,Bengaluru,India , Pakistan, Pakistan, Pakistan,field,,5
2012,2012/12/26,Port Elizabeth,South Africa , New Zealand,South Africa ,South Africa ,bat,33,
2012,2012/12/28,Ahmedabad,India , Pakistan,India , Pakistan,field,11,
2013,2013/01/26,Sydney,Australia , Sri Lanka, Sri Lanka,Australia ,bat,,5
2013,2013/01/28,Melbourne,Australia ,Sri Lanka,Sri Lanka,Australia ,field,2,
2013,2013/02/09,Auckland,New Zealand ,England,England,New Zealand ,field,40,
2013,2013/02/12,Hamilton,New Zealand ,England,New Zealand ,England,field,55,
2013,2013/02/13,Brisbane,Australia , West Indies, West Indies, West Indies,bat,27,
2013,2013/02/15,Wellington,New Zealand ,England,England,England,field,,
2013,2013/03/01,Durban,South Africa ,Pakistan,,,,-,-
2013,2013/03/02,North Sound,West Indies,Zimbabwe,West Indies,Zimbabwe,bat,,8
2013,2013/03/03,Sharjah,Afghanistan , Scotland,Afghanistan ,Afghanistan ,bat,27,
2013,2013/03/03,Centurion,South Africa ,Pakistan,Pakistan,Pakistan,bat,95,
2013,2013/03/03,North Sound,West Indies,Zimbabwe,West Indies,West Indies,bat,41,
2013,2013/03/04,Sharjah,Afghanistan , Scotland,Afghanistan , Scotland,bat,,7
2013,2013/03/15,ICCA Dubai,Canada, Kenya,Canada, Kenya,bat,,5
2013,2013/03/16,ICCA Dubai,Canada,Kenya,Kenya,Kenya,bat,21,
2013,2013/03/31,Pallekele,Sri Lanka ,Bangladesh,Sri Lanka ,Bangladesh,field,17,
2013,2013/04/19,Windhoek,Kenya ,Netherlands,Kenya ,Netherlands,bat,,5
2013,2013/04/20,Windhoek,Kenya ,Netherlands,Netherlands,Kenya ,field,,7
2013,2013/05/11,Bulawayo,Zimbabwe ,Bangladesh,Zimbabwe ,Zimbabwe ,bat,6,
2013,2013/05/12,Bulawayo,Zimbabwe ,Bangladesh,Bangladesh,Bangladesh,bat,34,
2013,2013/06/25,The Oval,England , New Zealand, New Zealand,England ,field,5,
2013,2013/06/27,The Oval,England , New Zealand,, New Zealand,field,-,-
2013,2013/07/04,Aberdeen,Scotland ,Kenya,Scotland ,Scotland ,bat,35,
2013,2013/07/05,Aberdeen,Scotland,Kenya,Scotland ,Kenya,bat,,7
2013,2013/07/27,Kingstown,West Indies,Pakistan,Pakistan,West Indies,bat,,2
2013,2013/07/28,Kingstown,West Indies,Pakistan,Pakistan,Pakistan,bat,11,
2013,2013/08/02,Colombo (RPS),Sri Lanka ,South Africa,South Africa,South Africa,bat,12,
2013,2013/08/04,Hambantota,Sri Lanka ,South Africa,South Africa,South Africa,bat,22,
2013,2013/08/06,Hambantota,Sri Lanka ,South Africa,Sri Lanka ,South Africa,bat,,6
2013,2013/08/23,Harare,Zimbabwe ,Pakistan,Pakistan,Zimbabwe ,field,25,
2013,2013/08/24,Harare,Zimbabwe ,Pakistan,Pakistan,Zimbabwe ,field,19,
2013,2013/08/29,Southampton,England ,Australia,Australia,England ,field,39,
2013,2013/08/31,Chester-le-Street,England , Australia,England , Australia,field,27,
2013,2013/09/30,Sharjah,Afghanistan , Kenya,Afghanistan ,Afghanistan ,bat,106,
2013,2013/10/10,Rajkot,India ,Australia,India ,India ,field,,6
2013,2013/10/11,Sharjah,Afghanistan , Kenya, Kenya, Kenya,bat,34,
2013,2013/11/06,Dhaka,Bangladesh , New Zealand, New Zealand, New Zealand,bat,15,
2013,2013/11/13,Dubai (DSC),Pakistan , South Africa, South Africa,Pakistan ,bat,,9
2013,2013/11/15,Sharjah,Afghanistan ,Netherlands,Netherlands,Netherlands,bat,,7
2013,2013/11/15,Dubai (DSC),Pakistan ,South Africa,South Africa,South Africa,bat,6,
2013,2013/11/16,Sharjah,Afghanistan , Scotland,Afghanistan ,Afghanistan ,bat,17,
2013,2013/11/16,Abu Dhabi,Canada , Ireland, Ireland,Canada ,field,2,
2013,2013/11/19,ICCA Dubai,Kenya ,Scotland,Kenya ,Kenya ,bat,92,
2013,2013/11/19,Pallekele,Sri Lanka , New Zealand,,,,-,-
2013,2013/11/20,Johannesburg,South Africa ,Pakistan,South Africa ,Pakistan,field,4,
2013,2013/11/21,Pallekele,Sri Lanka , New Zealand, New Zealand, New Zealand,bat,,8
2013,2013/11/22,ICCA Dubai,Netherlands ,Scotland,Scotland,Scotland,bat,15,
2013,2013/11/22,Cape Town,South Africa ,Pakistan,Pakistan,Pakistan,bat,6,
2013,2013/11/23,ICCA Dubai,Kenya ,Netherlands,Netherlands,Netherlands,bat,29,
2013,2013/11/24,Sharjah,Afghanistan , Kenya, Kenya, Kenya,bat,34,
2013,2013/11/26,Sharjah,Canada , Kenya, Kenya, Kenya,bat,21,
2013,2013/11/28,Abu Dhabi,Netherlands ,Scotland,Scotland,Scotland,bat,,8
2013,2013/11/30,Abu Dhabi,Afghanistan , Ireland, Ireland, Ireland,bat,68,
2013,2013/12/08,Sharjah,Afghanistan , Pakistan, Pakistan,Afghanistan ,bat,,6
2013,2013/12/11,Dubai (DSC),Pakistan ,Sri Lanka,Pakistan ,Pakistan ,field,,3
2013,2013/12/13,Dubai (DSC),Pakistan ,Sri Lanka,Sri Lanka,Pakistan ,field,24,
2014,2014/01/11,Auckland,New Zealand , West Indies,New Zealand ,New Zealand ,bat,81,
2014,2014/01/15,Wellington,New Zealand , West Indies,New Zealand , West Indies,bat,,4
2014,2014/01/29,Hobart,Australia ,England,Australia ,Australia ,bat,13,
2014,2014/01/31,Melbourne,Australia , England,Australia , England,bat,,8
2014,2014/02/02,Sydney,Australia , England,Australia ,Australia ,bat,84,
2014,2014/02/12,Chattogram,Bangladesh, Sri Lanka, Sri Lanka,Bangladesh,field,2,
2014,2014/02/14,Chattogram,Bangladesh, Sri Lanka, Sri Lanka,Bangladesh,bat,,3
2014,2014/02/19,Kingston,West Indies ,Ireland,Ireland,West Indies ,bat,,6
2014,2014/02/21,Kingston,West Indies , Ireland,West Indies , Ireland,field,11,
2014,2014/03/09,Port Elizabeth,South Africa , Australia,,,,-,-
2014,2014/03/09,Bridgetown,West Indies ,England,England,England,bat,27,
2014,2014/03/11,Bridgetown,West Indies , England,West Indies ,West Indies ,bat,,5
2014,2014/03/12,Durban,South Africa , Australia, Australia, Australia,field,,5
2014,2014/03/13,Bridgetown,West Indies , England,West Indies , England,bat,5,
2014,2014/03/13,Bridgetown,West Indies , England, England, England,bat,5,
2014,2014/03/14,Centurion,South Africa ,Australia,Australia,Australia,field,,6
2014,2014/03/16,Dhaka,Bangladesh,Afghanistan,Bangladesh,Bangladesh,field,,9
2014,2014/03/17,Sylhet,Ireland , Zimbabwe,Ireland ,Ireland ,field,,3
2014,2014/03/17,Sylhet,Netherlands ,U.A.E.,Netherlands ,U.A.E.,bat,,6
2014,2014/03/18,Chattogram,Afghanistan , Hong Kong,Afghanistan , Hong Kong,bat,,7
2014,2014/03/18,Chattogram,Bangladesh, Nepal,Bangladesh,Bangladesh,field,,8
2014,2014/03/19,Sylhet,Ireland , U.A.E.,Ireland ,Ireland ,field,21,
2014,2014/03/19,Sylhet,Netherlands ,Zimbabwe,Zimbabwe,Netherlands ,bat,,5
2014,2014/03/20,Chattogram,Afghanistan , Nepal, Nepal,Afghanistan ,field,9,
2014,2014/03/20,Chattogram,Bangladesh,Hong Kong,Hong Kong,Hong Kong,field,,2
2014,2014/03/21,Dhaka,India , Pakistan,India ,India ,field,,7
2014,2014/03/21,Sylhet,Ireland , Netherlands, Netherlands, Netherlands,field,,6
2014,2014/03/21,Sylhet,U.A.E, Zimbabwe, Zimbabwe, Zimbabwe,field,,5
2014,2014/03/22,Chattogram,England , New Zealand, New Zealand, New Zealand,field,9,
2014,2014/03/22,Chattogram,South Africa ,Sri Lanka,Sri Lanka,Sri Lanka,bat,5,
2014,2014/03/23,Dhaka,Australia , Pakistan, Pakistan,Australia ,field,16,
2014,2014/03/23,Dhaka,India ,West Indies,India ,India ,field,,7
2014,2014/03/24,Chattogram,Netherlands ,Sri Lanka,Sri Lanka,Sri Lanka,field,,9
2014,2014/03/24,Chattogram,New Zealand , South Africa, South Africa,New Zealand ,field,2,
2014,2014/03/25,Dhaka,Bangladesh, West Indies, West Indies,Bangladesh,field,73,
2014,2014/03/27,Chattogram,England , Sri Lanka,England ,England ,field,,6
2014,2014/03/27,Chattogram,Netherlands , South Africa, South Africa,Netherlands ,field,6,
2014,2014/03/28,Dhaka,Australia ,West Indies,West Indies,Australia ,bat,,6
2014,2014/03/28,Dhaka,Bangladesh,India,India,India,field,,8
2014,2014/03/29,Chattogram,England ,South Africa,South Africa,England ,field,3,
2014,2014/03/29,Chattogram,Netherlands ,New Zealand,New Zealand,New Zealand,field,,6
2014,2014/03/30,Dhaka,Australia ,India,India,Australia ,field,73,
2014,2014/03/30,Dhaka,Bangladesh, Pakistan, Pakistan, Pakistan,bat,50,
2014,2014/03/31,Chattogram,England ,Netherlands,Netherlands,England ,field,45,
2014,2014/03/31,Chattogram,New Zealand , Sri Lanka, Sri Lanka,New Zealand ,field,59,
2014,2014/04/01,Dhaka,Bangladesh,Australia,Australia,Bangladesh,bat,,7
2014,2014/04/01,Dhaka,Pakistan , West Indies, West Indies, West Indies,bat,84,
2014,2014/04/03,Dhaka,Sri Lanka ,West Indies,Sri Lanka ,Sri Lanka ,bat,27,
2014,2014/04/04,Dhaka,India , South Africa,India , South Africa,bat,,6
2014,2014/04/06,Dhaka,India , Sri Lanka, Sri Lanka, Sri Lanka,field,,6
2014,2014/05/20,The Oval,England , Sri Lanka, Sri Lanka,England ,field,9,
2014,2014/07/05,Roseau,West Indies , New Zealand, New Zealand, New Zealand,field,12,
2014,2014/07/06,Roseau,West Indies ,New Zealand,New Zealand,New Zealand,field,39,
2014,2014/08/27,Basseterre,West Indies , Bangladesh,, Bangladesh,bat,-,-
2014,2014/09/07,Birmingham,England ,India,England ,England ,bat,3,
2014,2014/10/05,Dubai (DSC),Australia ,Pakistan,Australia ,Pakistan,bat,,6
2014,2014/11/05,Adelaide,Australia ,South Africa,South Africa,Australia ,bat,,7
2014,2014/11/07,Melbourne,Australia , South Africa, South Africa, South Africa,bat,,7
2014,2014/11/09,Sydney,Australia ,South Africa,Australia ,Australia ,field,,2
2014,2014/12/04,Dubai (DSC),New Zealand , Pakistan, Pakistan, Pakistan,field,,7
2014,2014/12/05,Dubai (DSC),New Zealand , Pakistan,New Zealand, Pakistan,field,17,
2015,2015/01/09,Cape Town,South Africa , West Indies, West Indies,South Africa ,bat,,4
2015,2015/01/11,Johannesburg,South Africa , West Indies, West Indies, West Indies,field,,4
2015,2015/01/14,Durban,South Africa , West Indies,South Africa , West Indies,field,69,
2015,2015/04/24,Dhaka,Bangladesh ,Pakistan,Bangladesh ,Pakistan,bat,,7
2015,2015/05/22,Lahore,Pakistan , Zimbabwe,Pakistan , Zimbabwe,bat,,5
2015,2015/05/24,Lahore,Pakistan , Zimbabwe,Pakistan , Zimbabwe,bat,,2
2015,2015/06/18,Bready,Ireland , Scotland, Scotland,Ireland ,bat,,6
2015,2015/06/19,Bready,Ireland ,Scotland,,Scotland,bat,-,-
2015,2015/06/20,Bready,Ireland ,Scotland,Scotland,Scotland,field,,6
2015,2015/06/21,Bready,Ireland ,Scotland,,Ireland,bat,-,-
2015,2015/06/23,Manchester,England , New Zealand,England ,England ,bat,56,
2015,2015/06/30,Amstelveen,Netherland, Nepal,Netherland,Netherland,bat,18,
2015,2015/07/01,Amstelveen,Netherland, Nepal,Netherland, Nepal,field,103,
2015,2015/07/02,Rotterdam,Netherland,Nepal,Netherland,Netherland,bat,18,
2015,2015/07/03,Rotterdam,Netherland, Nepal, Nepal,Netherland,bat,,3
2015,2015/07/05,Dhaka,Bangladesh , South Africa, South Africa, South Africa,bat,52,
2015,2015/07/07,Dhaka,Bangladesh , South Africa, South Africa, South Africa,bat,31,
2015,2015/07/09,Edinburgh,Afghanistan ,Netherlands,Netherlands,Netherlands,bat,32,
2015,2015/07/09,Edinburgh,Scotland , U.A.E.,Scotland ,Scotland ,field,,9
2015,2015/07/10,Edinburgh,Afghanistan ,U.A.E.,Afghanistan ,U.A.E.,bat,,8
2015,2015/07/11,Edinburgh,Scotland , Netherlands, Netherlands, Netherlands,bat,32,
2015,2015/07/12,Edinburgh,Netherland, U.A.E.,Netherland,Netherland,field,,7
2015,2015/07/12,Edinburgh,Scotland , Afghanistan, Afghanistan, Afghanistan,bat,37,
2015,2015/07/13,Belfast,Ireland ,Nepal,Ireland ,Ireland ,field,,8
2015,2015/07/15,Belfast,Ireland ,P.N.G.,P.N.G.,Ireland ,bat,,2
2015,2015/07/17,Dublin (Malahide),Ireland , Hong Kong, Hong Kong,Ireland ,field,5,
2015,2015/07/17,Harare,Zimbabwe , India, India, India,bat,54,
2015,2015/07/19,Harare,Zimbabwe , India,Zimbabwe ,Zimbabwe ,bat,10,
2015,2015/07/21,Dublin (Malahide),Afghanistan , Hong Kong,Afghanistan , Hong Kong,bat,,5
2015,2015/07/23,Dublin (Malahide),Afghanistan , P.N.G.,Afghanistan , P.N.G.,bat,,6
2015,2015/07/25,Dublin,Afghanistan , Oman,Afghanistan ,Afghanistan ,field,,5
2015,2015/07/25,Dublin (Malahide),Hong Kong , Scotland, Scotland, Scotland,field,,5
2015,2015/07/25,Dublin (Malahide),Ireland ,Netherlands,Netherlands,Netherlands,field,,5
2015,2015/07/26,Dublin (Malahide),Ireland ,Hong Kong,,,bat,-,-
2015,2015/07/26,Dublin (Malahide),Netherland, Scotland,,,,-,-
2015,2015/07/30,Colombo (RPS),Sri Lanka , Pakistan, Pakistan, Pakistan,bat,29,
2015,2015/08/01,Colombo (RPS),Sri Lanka ,Pakistan,Pakistan,Sri Lanka ,bat,,1
2015,2015/08/09,Harare,Zimbabwe ,New Zealand,New Zealand,Zimbabwe ,field,80,
2015,2015/08/14,Durban,South Africa , New Zealand,South Africa ,South Africa ,field,,6
2015,2015/08/16,Centurion,South Africa , New Zealand, New Zealand, New Zealand,bat,32,
2015,2015/08/31,Cardiff,England , Australia,England , Australia,field,5,
2015,2015/09/27,Harare,Zimbabwe ,Pakistan,Pakistan,Zimbabwe ,bat,13,
2015,2015/09/29,Harare,Zimbabwe , Pakistan, Pakistan,Zimbabwe ,bat,15,
2015,2015/10/11,Kanpur,India ,South Africa,South Africa,South Africa,bat,5,
2015,2015/10/14,Indore,India ,South Africa,India ,India ,bat,22,
2015,2015/10/18,Rajkot,India , South Africa, South Africa, South Africa,bat,18,-
2015,2015/10/22,Chennai,India , South Africa,India ,India ,bat,35,
2015,2015/10/25,Mumbai,India , South Africa, South Africa, South Africa,bat,214,
2015,2015/10/16,Bulawayo,Zimbabwe , Afghanistan, Afghanistan, Afghanistan,bat,58,
2015,2015/10/20,Bulawayo,Zimbabwe , Afghanistan,Zimbabwe , Afghanistan,bat,,8
2015,2015/10/22,Bulawayo,Zimbabwe , Afghanistan, Afghanistan, Afghanistan,bat,6,
2015,2015/10/24,Bulawayo,Zimbabwe , Afghanistan,Zimbabwe , Afghanistan,bat,6,
2015,2015/10/28,Bulawayo,Zimbabwe , Afghanistan, Afghanistan, Afghanistan,bat,,3
2015,2015/11/04,Colombo (RPS),Sri Lanka ,West Indies,Sri Lanka ,Sri Lanka ,field,,1
2015,2015/11/7,Colombo (RPS),Sri Lanka , West Indies,Sri Lanka , West Indies,bat,,8
2015,2015/11/13,Dhaka,Bangladesh ,Zimbabwe,Bangladesh ,Bangladesh ,field,,4
2015,2015/11/15,Dhaka,Bangladesh ,Zimbabwe,Zimbabwe,Bangladesh ,bat,,3
2015,2015/11/26,Dubai (DSC),England ,Pakistan,England ,England ,bat,14,
2015,2015/11/27,Dubai (DSC),England ,Pakistan,England ,England ,bat,3,
2015,2015/11/28,Abu Dhabi,Afghanistan ,Hong Kong,Hong Kong,Afghanistan ,bat,,4
2015,2015/11/29,Abu Dhabi,Afghanistan , Oman,Afghanistan , Oman,field,27,
2015,2015/11/30,Abu Dhabi,Afghanistan , Oman,Afghanistan , Oman,field,12,
2015,2015/11/30,Sharjah,England ,Pakistan,,England,bat,-,-
2016,2016/01/07,Mount Maunganui,New Zealand , Sri Lanka,New Zealand , Sri Lanka,field,3,
2016,2016/01/08,Sharjah,Afghanistan , Zimbabwe,Afghanistan ,Afghanistan ,bat,5,
2016,2016/01/10,Sharjah,Afghanistan ,Zimbabwe,Afghanistan ,Zimbabwe,field,81,
2016,2016/01/10,Auckland,New Zealand , Sri Lanka,New Zealand ,New Zealand ,field,,9
2016,2016/01/15,Khulna,Bangladesh,Zimbabwe,Bangladesh,Zimbabwe,bat,,4
2016,2016/01/15,Auckland,New Zealand ,Pakistan,Pakistan,New Zealand ,field,16,
2016,2016/01/17,Khulna,Bangladesh, Zimbabwe,Bangladesh,Bangladesh,bat,42,
2016,2016/01/17,Hamilton,New Zealand , Pakistan,New Zealand , Pakistan,bat,,
2016,2016/01/20,Khulna,Bangladesh, Zimbabwe, Zimbabwe, Zimbabwe,bat,31,
2016,2016/01/22,Khulna,Bangladesh, Zimbabwe, Zimbabwe, Zimbabwe,bat,18,
2016,2016/01/22,Wellington,New Zealand , Pakistan,New Zealand , Pakistan,field,95,
2016,2016/01/26,Adelaide,Australia , India, India,Australia ,field,37,
2016,2016/01/29,Melbourne,Australia , India, India,Australia ,field,27,
2016,2016/01/31,Sydney,Australia ,India,India,Australia ,bat,,7
2016,2016/01/30,Mong Kok,Hong Kong ,Scotland,Hong Kong,Hong Kong,filed,,
2016,2016/01/31,Mong Kok,Hong Kong , Scotland,Hong Kong ,Hong Kong ,filed,37,
2016,2016/02/03,ICCA Dubai,U.A.E. ,Netherlands,Netherlands,U.A.E. ,field,84,
2016,2016/02/04,ICCA Dubai,U.A.E. ,Scotland,Scotland,Scotland,bat,9,
2016,2016/02/05,ICCA Dubai,Netherlands, Scotland, Scotland, Scotland,bat,37,
2016,2016/02/06,Townsville,Ireland , P.N.G.,Ireland ,Ireland ,field,,5
2016,2016/02/07,Townsville,Ireland , P.N.G.,Ireland , P.N.G.,field,7,
2016,2016/02/09,Pune,India , Sri Lanka, Sri Lanka, Sri Lanka,field,,5
2016,2016/02/09,Townsville,Ireland , P.N.G., P.N.G., P.N.G.,bat,11,
2016,2016/02/12,Ranchi,India , Sri Lanka,India , Sri Lanka,field,69,
2016,2016/02/14,Visakhapatnam,India , Sri Lanka,India ,India ,field,,9
2016,2016/02/14,Abu Dhabi,U.A.E. ,Ireland,Ireland,U.A.E. ,field,34,
2016,2016/02/16,Abu Dhabi,U.A.E. ,Ireland,U.A.E. ,U.A.E. ,bat,5,
2016,2016/02/19,Fatullah,Afghanistan , U.A.E., U.A.E., U.A.E.,bat,16,
2016,2016/02/19,Cape Town,South Africa, England,South Africa,South Africa,field,,3
2016,2016/02/20,Fatullah,Afghanistan , Oman,Afghanistan , Oman,bat,,3
2016,2016/02/21,Johannesburg,South Africa,England,South Africa,South Africa,field,,9
2016,2016/02/22,Dhaka,Afghanistan , Hong Kong,Afghanistan , Hong Kong,field,66,
2016,2016/02/24,Dhaka,Bangladesh, India, India,Bangladesh,field,45,
2016,2016/02/25,Dhaka,Sri Lanka , U.A.E.,Sri Lanka , U.A.E.,field,14,
2016,2016/02/26,Dhaka,Bangladesh, U.A.E.,Bangladesh, U.A.E.,field,51,
2016,2016/02/27,Dhaka,India , Pakistan,India ,India ,field,,5
2016,2016/02/28,Dhaka,Bangladesh,Sri Lanka,Bangladesh,Sri Lanka,bat,23,
2016,2016/02/29,Dhaka,Pakistan , U.A.E.,Pakistan , U.A.E.,bat,,7
2016,2016/03/01,Dhaka,India , Sri Lanka,India ,India ,field,,5
2016,2016/03/02,Dhaka,Bangladesh,Pakistan,Bangladesh,Pakistan,bat,,5
2016,2016/03/03,Dhaka,India , U.A.E., U.A.E., U.A.E.,bat,,9
2016,2016/03/04,Dhaka,Pakistan , Sri Lanka,Pakistan ,Pakistan ,field,,6
2016,2016/03/04,Durban,South Africa,Australia,South Africa,South Africa,field,,3
2016,2016/03/06,Dhaka,Bangladesh, India, India, India,field,,8
2016,2016/03/06,Johannesburg,South Africa,Australia,South Africa,South Africa,field,,5
2016,2016/03/08,Nagpur,Afghanistan , Scotland,Afghanistan ,Afghanistan ,bat,14,
2016,2016/03/08,Nagpur,Hong Kong , Zimbabwe, Zimbabwe,Hong Kong ,field,14,
2016,2016/03/09,Dharamsala,Bangladesh, Netherlands, Netherlands, Netherlands,field,8,
2016,2016/03/09,Dharamsala,Ireland , Oman, Oman,Ireland,bat,,2
2016,2016/03/04,Cape Town,South Africa,Australia,South Africa,Australia,bat,,3
2016,2016/03/06,Cape Town,South Africa,Australia,Australia,Australia,field,,5
2016,2016/03/09,Cape Town,South Africa,Australia,South Africa,South Africa,bat,,6
2016,2016/03/10,Nagpur,Afghanistan , Hong Kong, Hong Kong, Hong Kong,bat,,6
2016,2016/03/10,Nagpur,Scotland , Zimbabwe, Zimbabwe, Zimbabwe,bat,11,
2016,2016/03/11,Dharamsala,Bangladesh, Ireland,, Ireland,field,-,-
2016,2016/03/11,Dharamsala,Netherlands,Oman,,,,-,-
2016,2016/03/12,Nagpur,Afghanistan ,Zimbabwe,Afghanistan ,Afghanistan ,bat,59,
2016,2016/03/12,Nagpur,Hong Kong , Scotland, Scotland,Hong Kong ,bat,,8
2016,2016/03/13,Dharamsala,Bangladesh,Oman,Bangladesh,Oman,field,54,
2016,2016/03/13,Dharamsala,Ireland ,Netherlands,Netherlands,Ireland ,field,12,
2016,2016/03/15,Nagpur,India ,New Zealand,New Zealand,New Zealand,bat,47,
2016,2016/03/16,Kolkata,Bangladesh,Pakistan,Pakistan,Pakistan,bat,55,
2016,2016/03/16,Mumbai,England , West Indies, West Indies, West Indies,field,,6
2016,2016/03/17,Kolkata,Afghanistan , Sri Lanka, Sri Lanka,Afghanistan ,bat,,6
2016,2016/03/18,Dharamsala,Australia ,New Zealand,New Zealand,New Zealand,bat,8,
2016,2016/03/18,Mumbai,England , South Africa,England ,England ,field,,2
2016,2016/03/19,Kolkata,India , Pakistan,India ,India ,field,,6
2016,2016/03/20,Mumbai,Afghanistan , South Africa, South Africa, South Africa,bat,37,
2016,2016/03/20,Bengaluru,Sri Lanka , West Indies, West Indies, West Indies,field,,7
2016,2016/03/21,Bengaluru,Australia , Bangladesh,Australia ,Australia ,field,,3
2016,2016/03/22,Mohali,New Zealand , Pakistan,New Zealand ,New Zealand ,bat,22,
2016,2016/03/23,Delhi,Afghanistan , England, England, England,bat,15,
2016,2016/03/23,Bengaluru,India , Bangladesh,India , Bangladesh,field,1,
2016,2016/03/25,Mohali,Australia , Pakistan,Australia ,Australia ,bat,21,
2016,2016/03/25,Nagpur,South Africa, West Indies, West Indies, West Indies,field,,3
2016,2016/03/26,Kolkata,Bangladesh, New Zealand, New Zealand, New Zealand,bat,75,
2016,2016/03/26,Delhi,England ,Sri Lanka,England ,Sri Lanka,field,10,
2016,2016/03/27,Nagpur,Afghanistan , West Indies,Afghanistan , West Indies,field,6,
2016,2016/03/27,Mohali,India , Australia,India , Australia,bat,,6
2016,2016/03/28,Delhi,South Africa,Sri Lanka,South Africa,South Africa,field,,8
2016,2016/03/30,Delhi,England , New Zealand,England ,England ,field,,7
2016,2016/03/31,Mumbai,India ,West Indies,West Indies,West Indies,field,,7
2016,2016/04/03,Kolkata,England , West Indies, West Indies, West Indies,field,,4
2016,2016/06/18,Harare,Zimbabwe, India,Zimbabwe, India,bat,2,
2016,2016/06/20,Harare,Zimbabwe, India, India,Zimbabwe,bat,,
2016,2016/06/22,Harare,Zimbabwe, India, India,Zimbabwe,field,3,
2016,2016/07/05,Southampton,England ,Sri Lanka,Sri Lanka,Sri Lanka,bat,,8
2016,2016/08/27,Lauderhill,India , West Indies, West Indies,India ,field,1,
2016,2016/08/28,Lauderhill,India , West Indies,,India,field,-,-
2016,2016/09/05,Bready,Ireland ,Hong Kong,Hong Kong,Hong Kong,bat,40,
2016,2016/09/06,Bready,Ireland , Hong Kong,,,,-,-
2016,2016/09/06,Pallekele,Sri Lanka ,Australia,Australia,Sri Lanka ,field,85,
2016,2016/09/07,Manchester,England , Pakistan, Pakistan,England ,bat,,9
2016,2016/09/09,Colombo (RPS),Sri Lanka , Australia, Australia,Sri Lanka ,bat,,4
2016,2016/09/23,Dubai (DSC),Pakistan ,West Indies,Pakistan ,Pakistan ,field,,9
2016,2016/09/24,Dubai (DSC),Pakistan , West Indies,West Indies, West Indies,field,16,
2016,2016/09/27,Abu Dhabi,Pakistan ,West Indies,Pakistan,Pakistan,bat,,8
2016,2016/12/14,ICCA Dubai,U.A.E. , Afghanistan, Afghanistan, Afghanistan,bat,11,
2016,2016/12/16,Dubai (DSC),U.A.E. , Afghanistan, Afghanistan,U.A.E. ,bat,,5
2016,2016/12/18,ICCA Dubai,U.A.E. , Afghanistan, Afghanistan, Afghanistan,bat,44,
2017,2017/01/03,Napier,New Zealand ,Bangladesh,New Zealand ,Bangladesh,bat,,6
2017,2017/01/06,Mount Maunganui,New Zealand ,Bangladesh,New Zealand ,Bangladesh,field,47,
2017,2017/01/08,Mount Maunganui,New Zealand , Bangladesh,New Zealand , Bangladesh,field,27,
2017,2017/01/14,Abu Dhabi,Afghanistan , Ireland,Afghanistan , Ireland,bat,,5
2017,2017/01/14,Abu Dhabi,Hong Kong , Scotland, Scotland, Scotland,bat,24,
2017,2017/01/15,Abu Dhabi,Netherlands, Oman,Netherlands, Oman,bat,,5
2017,2017/01/16,Abu Dhabi,U.A.E. ,Afghanistan,Afghanistan,Afghanistan,field,,5
2017,2017/01/17,Abu Dhabi,Netherlands, Scotland, Scotland,Netherlands,field,7,
2017,2017/01/18,Dubai (DSC),Hong Kong , Netherlands,Hong Kong ,Hong Kong ,bat,91,
2017,2017/01/18,Dubai (DSC),U.A.E. ,Ireland,Ireland,Ireland,bat,24,
2017,2017/01/19,Dubai (DSC),Oman , Scotland, Scotland,Oman ,bat,,7
2017,2017/01/20,Dubai (DSC),Afghanistan , Ireland,Afghanistan , Ireland,bat,,
2017,2017/01/20,Dubai (DSC),Afghanistan , Oman,Afghanistan ,Afghanistan ,field,,8
2017,2017/01/20,Dubai (DSC),Ireland , Scotland,Ireland , Scotland,field,98,
2017,2017/01/20,Centurion,South Africa ,Sri Lanka,South Africa ,Sri Lanka,field,19,
2017,2017/01/22,Johannesburg,South Africa , Sri Lanka, Sri Lanka,South Africa,bat,,3
2017,2017/01/25,Cape Town,South Africa ,Sri Lanka,Sri Lanka,Sri Lanka,bat,,5
2017,2017/01/26,Kanpur,India , England, England, England,field,,7
2017,2017/01/29,Nagpur,India , England,India, England,field,5,
2017,2017/02/01,Bengaluru,India , England,India, England,bat,75,
2017,2017/02/17,Melbourne,Australia , Sri Lanka, Sri Lanka, Sri Lanka,field,,5
2017,2017/02/17,Auckland,New Zealand , South Africa, South Africa, South Africa,bat,78,
2017,2017/02/19,Geelong,Australia , Sri Lanka, Sri Lanka, Sri Lanka,field,,2
2017,2017/02/22,Adelaide,Australia , Sri Lanka, Sri Lanka,Australia,field,41,
2017,2017/03/08,Greater Noida,Afghanistan , Ireland,Afghanistan , Ireland,bat,,6
2017,2017/03/10,Greater Noida,Afghanistan , Ireland,Afghanistan ,Afghanistan ,bat,17,
2017,2017/03/12,Greater Noida,Afghanistan , Ireland,Afghanistan , Ireland,field,28,
2017,2017/03/26,Bridgetown,West Indies , Pakistan, Pakistan, Pakistan,field,,6
2017,2017/03/30,Port of Spain,West Indies , Pakistan, Pakistan,West Indies,field,3,
2017,2017/04/01,Port of Spain,West Indies , Pakistan,West Indies , Pakistan,field,,7
2017,2017/04/02,Port of Spain,West Indies , Pakistan, Pakistan, Pakistan,field,,7
2017,2017/04/04,Colombo (RPS),Sri Lanka ,Bangladesh,Sri Lanka ,Bangladesh,bat,,6
2017,2017/04/06,Colombo (RPS),Sri Lanka , Bangladesh, Bangladesh, Bangladesh,bat,45,
2017,2017/06/02,Basseterre,West Indies , Afghanistan,West Indies , Afghanistan,bat,,6
2017,2017/06/03,Basseterre,West Indies ,Afghanistan,West Indies ,West Indies ,bat,29,
2017,2017/06/05,Basseterre,West Indies , Afghanistan,West Indies , Afghanistan,bat,,7
2017,2017/06/21,Southampton,England ,South Africa,England ,South Africa,bat,,9
2017,2017/06/23,Taunton,England ,South Africa,South Africa,England ,field,3,
2017,2017/06/25,Cardiff,England , South Africa,England , South Africa,field,19,
2017,2017/07/09,Kingston,West Indies ,India,West Indies ,West Indies ,field,,9
2017,2017/09/06,Colombo (RPS),Sri Lanka , India, India, India,field,,7
2017,2017/09/12,Lahore,Pakistan ,World-XI,Pakistan ,World-XI,field,20,
2017,2017/09/13,Lahore,Pakistan ,World-XI,World-XI,Pakistan ,bat,,7
2017,2017/09/15,Lahore,Pakistan ,World-XI,Pakistan ,World-XI,field,33,
2017,2017/09/16,Chester-le-Street,England ,West Indies,West Indies,England ,field,21,
2017,2017/10/07,Ranchi,India , Australia,India ,India ,field,,9
2017,2017/10/10,Guwahati,India , Australia, Australia, Australia,field,,8
2017,2017/10/13,Hyderabad (Deccan),India , Australia, Australia,,,-,-
2017,2017/10/26,Abu Dhabi,Pakistan ,Sri Lanka,Pakistan ,Pakistan ,field,,7
2017,2017/10/26,Bloemfontein,South Africa ,Bangladesh,South Africa ,South Africa ,bat,20,
2017,2017/10/27,Abu Dhabi,Pakistan ,Sri Lanka,Pakistan ,Sri Lanka,field,,2
2017,2017/10/29,Lahore,Pakistan , Sri Lanka,Pakistan , Sri Lanka,bat,36,
2017,2017/10/29,Potchefstroom,South Africa , Bangladesh,South Africa , Bangladesh,field,83,
2017,2017/11/01,Delhi,India , New Zealand,India , New Zealand,field,53,
2017,2017/11/04,Rajkot,India , New Zealand, New Zealand, New Zealand,bat,40,
2017,2017/11/07,Thiruvananthapuram,India , New Zealand,India , New Zealand,field,6,
2017,2017/12/20,Cuttack,India , Sri Lanka,India , Sri Lanka,field,93,
2017,2017/12/22,Indore,India , Sri Lanka,India , Sri Lanka,field,88,
2017,2017/12/24,Mumbai,India , Sri Lanka,India ,India,field,,5
2017,2017/12/29,Nelson,New Zealand , West Indies,New Zealand , West Indies,field,47,
2018,2018/01/01,Mount Maunganui,New Zealand ,West Indies,New Zealand ,West Indies,field,-,-
2018,2018/01/03,Mount Maunganui,New Zealand ,West Indies,New Zealand ,New Zealand ,bat,119,
2018,2018/01/22,Wellington,New Zealand , Pakistan,New Zealand ,New Zealand ,field,,7
2018,2018/01/25,Auckland,New Zealand , Pakistan, Pakistan, Pakistan,bat,48,
2018,2018/01/28,Mount Maunganui,New Zealand , Pakistan, Pakistan, Pakistan,bat,18,
2018,2018/02/03,Sydney,Australia, New Zealand,Australia,Australia,field,,7
2018,2018/02/05,Sharjah,Afghanistan ,Zimbabwe,Afghanistan ,Afghanistan ,field,,5
2018,2018/02/06,Sharjah,Afghanistan , Zimbabwe,Afghanistan , Zimbabwe,field,17,
2018,2018/02/07,Hobart,Australia,England,Australia,Australia,field,,5
2018,2018/02/10,Melbourne,Australia, England,Australia,Australia,field,,7
2018,2018/02/13,Wellington,New Zealand , England,New Zealand , England,field,12,
2018,2018/02/15,Dhaka,Bangladesh, Sri Lanka, Sri Lanka,Bangladesh,bat,,6
2018,2018/02/16,Auckland,New Zealand ,Australia,Australia,Australia,bat,,5
2018,2018/02/18,Sylhet,Bangladesh, Sri Lanka, Sri Lanka,Bangladesh,field,75,
2018,2018/02/18,Hamilton,New Zealand , England, England,New Zealand ,bat,2,
2018,2018/02/18,Johannesburg,South Africa, India, India,South Africa,field,28,
2018,2018/02/21,Auckland,New Zealand ,Australia,Australia,New Zealand ,field,19,
2018,2018/02/21,Centurion,South Africa, India,South Africa,South Africa,field,,6
2018,2018/02/24,Cape Town,South Africa, India, India,South Africa,field,7,
2018,2018/03/06,Colombo (RPS),Sri Lanka , India, India, India,bat,,5
2018,2018/03/08,Colombo (RPS),Bangladesh, India, India, India,bat,,6
2018,2018/03/10,Colombo (RPS),Sri Lanka , Bangladesh,Sri Lanka ,Sri Lanka ,field,,5
2018,2018/03/12,Colombo (RPS),Sri Lanka , India, India, India,field,,6
2018,2018/03/14,Colombo (RPS),Bangladesh, India, India, Bangladesh,field,17,
2018,2018/03/16,Colombo (RPS),Sri Lanka , Bangladesh, Bangladesh, Bangladesh,field,,2
2018,2018/03/18,Colombo (RPS),Bangladesh, India, India, India,field,,4
2018,2018/04/01,Karachi,Pakistan ,West Indies,Pakistan ,West Indies,field,143,
2018,2018/04/02,Karachi,Pakistan , West Indies,Pakistan ,Pakistan ,bat,82,
2018,2018/04/03,Karachi,Pakistan , West Indies, West Indies, West Indies,bat,,8
2018,2018/05/31,Lord's,World XI , West Indies,Pakistan ,World XI ,field,72,
2018,2018/06/03,Dehradun,Afghanistan , Bangladesh,Afghanistan , Bangladesh,field,45,
2018,2018/06/05,Dehradun,Afghanistan , Bangladesh,Afghanistan , Bangladesh,bat,,6
2018,2018/06/07,Dehradun,Afghanistan ,Bangladesh,Afghanistan ,Afghanistan ,bat,1,
2018,2018/06/12,Rotterdam,Netherlands ,Ireland,Netherlands ,Ireland,field,4,
2018,2018/06/12,Edinburgh,Scotland,Pakistan,Pakistan,Pakistan,bat,48,
2018,2018/06/13,Rotterdam,Netherlands , Ireland,Netherlands , Ireland,bat,,4
2018,2018/06/13,Edinburgh,Scotland,Pakistan,Pakistan,Pakistan,bat,84,
2018,2018/06/16,Deventer,Ireland , Scotland,Ireland ,Ireland ,bat,46,
2018,2018/06/17,Deventer,Ireland , Scotland,,Ireland ,bat,-,-
2018,2018/06/19,Amstelveen,Netherlands ,Scotland,Scotland,Netherlands ,bat,,7
2018,2018/06/20,Amstelveen,Netherlands , Scotland, Scotland, Scotland,bat,115,
2018,2018/06/27,Birmingham,England ,Australia,England ,Australia,field,28,
2018,2018/06/27,Dublin (Malahide),Ireland , India, India, India,field,76,
2018,2018/06/29,Dublin (Malahide),Ireland ,India,India,India,field,143,
2018,2018/07/01,Harare,Zimbabwe , Pakistan, Pakistan,Zimbabwe ,field,74,
2018,2018/07/02,Harare,Australia, Pakistan,Australia,Australia,field,,9
2018,2018/07/03,Manchester,England ,India,India,India,field,,8
2018,2018/07/03,Harare,Zimbabwe , Australia, Australia,Zimbabwe ,field,100,
2018,2018/07/04,Harare,Zimbabwe , Pakistan, Pakistan, Pakistan,field,,7
2018,2018/07/05,Harare,Australia, Pakistan, Pakistan,Australia,field,45,
2018,2018/07/06,Cardiff,England , India,England ,England ,field,,5
2018,2018/07/06,Harare,Zimbabwe , Australia, Australia,Zimbabwe ,bat,,5
2018,2018/07/08,Harare,Australia, Pakistan, Pakistan,Australia,bat,,6
2018,2018/07/08,Bristol,England , India, India, India,bat,,7
2018,2018/07/29,Lord's,Nepal , Netherlands,,Nepal ,field,-,-
2018,2018/07/31,Basseterre,West Indies , Bangladesh,West Indies ,West Indies ,field,,7
2018,2018/08/04,Lauderhill,Bangladesh,West Indies, Bangladesh,West Indies,field,12,
2018,2018/08/05,Lauderhill,Bangladesh, West Indies, Bangladesh, Bangladesh,bat,19,
2018,2018/08/14,Colombo (RPS),Sri Lanka , South Africa,Sri Lanka , South Africa,bat,,3
2018,2018/08/20,Bready,Ireland , Afghanistan, Afghanistan,Ireland ,field,16,
2018,2018/08/22,Bready,Ireland ,Afghanistan,Afghanistan,Afghanistan,bat,81,
2018,2018/08/24,Bready,Ireland , Afghanistan,,,,-,-
2018,2018/10/09,East London,South Africa, Zimbabwe,South Africa,South Africa,bat,34,
2018,2018/10/12,Potchefstroom,South Africa, Zimbabwe,South Africa, Zimbabwe,bat,,6
2018,2018/10/14,Benoni,South Africa, Zimbabwe,,,,-,-
2018,2018/10/22,Tolerance Oval,U.A.E., Australia, Australia,U.A.E.,bat,,7
2018,2018/10/24,Abu Dhabi,Australia, Pakistan, Pakistan,Australia,field,66,
2018,2018/10/26,Dubai (DSC),Australia, Pakistan, Pakistan, Pakistan,bat,11,
2018,2018/10/27,Colombo (RPS),Sri Lanka ,England,England,Sri Lanka ,field,30,
2018,2018/10/28,Dubai (DSC),Australia, Pakistan, Pakistan, Pakistan,bat,33,
2018,2018/10/31,Abu Dhabi,New Zealand , Pakistan, Pakistan, Pakistan,bat,2,
2018,2018/11/02,Dubai (DSC),New Zealand ,Pakistan,Pakistan,New Zealand ,bat,,6
2018,2018/11/04,Kolkata,India , West Indies,India ,India ,field,,5
2018,2018/11/04,Dubai (DSC),New Zealand ,Pakistan,Pakistan,Pakistan,bat,47,
2018,2018/11/06,Lucknow,India , West Indies, West Indies, West Indies,field,71,
2018,2018/11/11,Chennai,India ,West Indies,West Indies,West Indies,bat,,6
2018,2018/11/17,Carrara,Australia, South Africa, South Africa,Australia,field,21,
2018,2018/11/21,Brisbane,Australia,India,India,India,field,4,
2018,2018/11/23,Melbourne,Australia, India, India, India,field,-,-
2018,2018/11/25,Sydney,Australia,India,India,Australia,bat,,6
2018,2018/12/17,Sylhet,Bangladesh,West Indies,West Indies,Bangladesh,bat,,8
2018,2018/12/20,Dhaka,Bangladesh, West Indies,Bangladesh, West Indies,field,36,
2018,2018/12/22,Dhaka,Bangladesh, West Indies, West Indies,Bangladesh,field,50,
2019,2019/01/11,Auckland,New Zealand, Sri Lanka,New Zealand, Sri Lanka,field,35,
2019,2019/02/01,Cape Town,South Africa, Pakistan,South Africa, Pakistan,field,6,
2019,2019/02/03,Johannesburg,South Africa, Pakistan,South Africa, Pakistan,field,7,
2019,2019/02/06,Wellington,New Zealand, India,New Zealand, India,field,80,
2019,2019/02/06,Centurion,South Africa, Pakistan, Pakistan,South Africa,field,27,
2019,2019/02/08,Auckland,New Zealand, India, India,New Zealand,bat,,7
2019,2019/02/10,Hamilton,New Zealand, India,New Zealand, India,field,4,
2019,2019/02/13,Al Amerat,Netherlands ,Scotland,Scotland,Scotland,bat,,7
2019,2019/02/13,Al Amerat,Oman ,Ireland,Ireland,Ireland,bat,15,
2019,2019/02/15,Al Amerat,Ireland , Scotland, Scotland, Scotland,bat,,6
2019,2019/02/15,Al Amerat,Oman ,Netherlands,Netherlands,Netherlands,bat,,8
2019,2019/02/17,Al Amerat,Ireland , Netherlands, Netherlands, Netherlands,bat,,1
2019,2019/02/17,Al Amerat,Oman , Scotland, Scotland, Scotland,bat,,7
2019,2019/02/21,Dehradun,Afghanistan, Ireland, Ireland,Afghanistan,bat,,5
2019,2019/02/23,Dehradun,Afghanistan,Ireland,Afghanistan,Afghanistan,bat,84,
2019,2019/02/24,Dehradun,Afghanistan, Ireland, Ireland,Afghanistan,field,32,
2019,2019/02/24,Visakhapatnam,India, Australia, Australia, Australia,field,,3
2019,2019/02/27,Bengaluru,India, Australia, Australia, Australia,field,,7
2019,2019/03/05,Gros Islet,West Indies ,England,England,England,field,,4
2019,2019/03/08,Basseterre,West Indies ,England,England,West Indies ,field,137,
2019,2019/03/10,Basseterre,West Indies ,England,England,West Indies ,bat,,8
2019,2019/03/19,Cape Town,South Africa, Sri Lanka,,South Africa,field,-,-
2019,2019/03/22,Centurion,South Africa, Sri Lanka,South Africa, Sri Lanka,field,16,
2019,2019/03/24,Johannesburg,South Africa, Sri Lanka,South Africa, Sri Lanka,field,45,
2019,2019/05/05,Cardiff,England ,Pakistan,England ,Pakistan,bat,,7
2019,2019/05/20,Kampala,Ghana , Namibia, Namibia, Namibia,field,,9
2019,2019/05/20,Kampala,Kenya , Nigeria,Kenya ,Kenya ,field,,8
2019,2019/05/21,Kampala,Ghana, Kenya, Kenya,Ghana,field,53,
2019,2019/05/21,Kampala,Uganda , Namibia, Namibia, Namibia,bat,42,
2019,2019/05/22,Kampala,Botswana , Namibia, Namibia,Botswana ,bat,,
2019,2019/05/22,Kampala,Uganda,Kenya,Kenya,Kenya,bat,1,
2019,2019/05/23,Kampala,Botswana , Kenya,,,,-,-
2019,2019/05/23,Kampala,Namibia ,Nigeria,,,,-,-
2019,2019/05/24,Kampala,Kenya ,Namibia,,,,-,-
2019,2019/06/23,Rotterdam,Netherlands , Zimbabwe,Netherlands , Zimbabwe,field,49,
2019,2019/06/25,Rotterdam,Netherlands , Zimbabwe,,Netherlands ,bat,-,-
2019,2019/07/10,Belfast,Ireland , Zimbabwe,,,,-,-
2019,2019/07/12,Bready,Ireland , Zimbabwe,Ireland ,Ireland ,field,,9
2019,2019/07/14,Bready,Ireland , Zimbabwe, Zimbabwe, Zimbabwe,field,,8
2019,2019/08/03,Lauderhill,India, West Indies,India,India,field,,4
2019,2019/08/03,Amstelveen,Netherlands , U.A.E., U.A.E., U.A.E.,bat,13,
2019,2019/08/04,Lauderhill,India, West Indies,India,India,bat,22,
2019,2019/08/05,Amstelveen,Netherlands , U.A.E., U.A.E.,Netherlands ,field,,5
2019,2019/08/06,The Hague,Netherlands , U.A.E., U.A.E., U.A.E.,field,14,
2019,2019/08/06,Providence,West Indies , India, India, India,field,,7
2019,2019/08/08,The Hague,Netherlands , U.A.E., U.A.E.,Netherlands ,field,,7
2019,2019/08/18,Sandys Parish,Bermuda,U.S.A.,Bermuda,Bermuda,bat,6,
2019,2019/08/19,Hamilton,Bermuda,Canada,,Bermuda,bat,-,-
2019,2019/08/19,Windhoek,Namibia , Botswana,Namibia , Botswana,field,93,
2019,2019/08/20,Windhoek,Namibia , Botswana,Namibia , Botswana,field,124,
2019,2019/08/21,Sandys Parish,Bermuda, Cayman Islands, Cayman Islands, Cayman Islands,bat,,6
2019,2019/08/22,Sandys Parish,Bermuda, U.S.A., U.S.A.,Bermuda,field,,4
2019,2019/08/22,Windhoek,Namibia , Botswana,Namibia ,Namibia,bat,78,
2019,2019/08/23,Windhoek,Namibia , Botswana,Namibia , Botswana,bat,,8
2019,2019/08/24,Sandys Parish,Bermuda,Canada,Canada,Bermuda,bat,,8
2019,2019/08/25,Sandys Parish,Bermuda,Cayman Islands,Cayman Islands,Cayman Islands,bat,,6
2019,2019/09/01,Pallekele,Sri Lanka , New Zealand, New Zealand,Sri Lanka ,bat,,5
2019,2019/09/03,Pallekele,Sri Lanka , New Zealand, New Zealand,Sri Lanka ,bat,,4
2019,2019/09/06,Pallekele,Sri Lanka , New Zealand,Sri Lanka ,Sri Lanka ,bat,37,
2019,2019/09/13,Dhaka,Bangladesh ,Zimbabwe,Bangladesh ,Bangladesh ,field,,3
2019,2019/09/14,Dhaka,Afghanistan, Zimbabwe,Afghanistan, Zimbabwe,field,28,
2019,2019/09/15,Dhaka,Bangladesh ,Afghanistan,Bangladesh ,Bangladesh ,field,25,
2019,2019/09/15,Dharamsala,India, South Africa,,,,-,-
2019,2019/09/15,Dublin (Malahide),Ireland , Netherlands,,,,-,-
2019,2019/09/16,Dublin (Malahide),Netherlands ,Scotland,Scotland,Netherlands ,field,58,
2019,2019/09/17,Dublin (Malahide),Ireland , Scotland,Ireland , Scotland,bat,,4
2019,2019/09/18,Chattogram,Bangladesh , Zimbabwe,Bangladesh , Zimbabwe,field,39,
2019,2019/09/18,Mohali,India, South Africa,India,India,field,,7
2019,2019/09/18,Dublin (Malahide),Ireland , Netherlands, Netherlands,Ireland ,bat,,6
2019,2019/09/19,Dublin (Malahide),Netherlands ,Scotland,Scotland,Netherlands ,bat,,6
2019,2019/09/20,Chattogram,Afghanistan, Zimbabwe, Zimbabwe,Afghanistan,bat,,7
2019,2019/09/20,Dublin (Malahide),Ireland , Scotland, Scotland, Scotland,bat,1,
2019,2019/09/21,Chattogram,Bangladesh , Afghanistan, Afghanistan, Afghanistan,bat,,4
2019,2019/09/22,Bengaluru,India, South Africa, South Africa,India,bat,,9
2019,2019/09/24,Dhaka,Bangladesh , Afghanistan, Afghanistan, Afghanistan,bat,-,-
2019,2019/09/27,Singapore,Nepal,Zimbabwe,Zimbabwe,Nepal,field,,5
2019,2019/09/29,Singapore,Singapore ,Zimbabwe,Zimbabwe,Zimbabwe,field,4,
2019,2019/10/01,Singapore,Nepal , Zimbabwe, Zimbabwe, Zimbabwe,bat,40,
2019,2019/10/03,Singapore,Singapore ,Zimbabwe,Singapore ,Singapore ,bat,,8
2019,2019/10/05,Al Amerat,Ireland , Netherlands, Netherlands, Netherlands,bat,,6
2019,2019/10/05,Lahore,Pakistan , Sri Lanka, Sri Lanka,Pakistan ,field,64,
2019,2019/10/06,Al Amerat,Oman ,Ireland,Ireland,Ireland,bat,43,
2019,2019/10/07,Al Amerat,Hong Kong , Ireland, Ireland, Ireland,bat,66,
2019,2019/10/07,Al Amerat,Nepal ,Netherlands,Netherlands,Netherlands,bat,,4
2019,2019/10/07,Lahore,Pakistan , Sri Lanka, Sri Lanka, Sri Lanka,bat,35,
2019,2019/10/09,Al Amerat,Ireland , Nepal, Nepal, Nepal,bat,13,
2019,2019/10/09,Al Amerat,Oman ,Netherlands,Netherlands,Netherlands,bat,,7
2019,2019/10/09,Lahore,Pakistan , Sri Lanka, Sri Lanka, Sri Lanka,bat,13,
2019,2019/10/10,Al Amerat,Hong Kong , Netherlands, Netherlands, Netherlands,bat,37,
2019,2019/10/18,Abu Dhabi,Hong Kong , Ireland, Ireland, Ireland,bat,,8
2019,2019/10/18,ICCA Dubai,Kenya , Netherlands, Netherlands, Netherlands,bat,30,
2019,2019/10/18,ICCA Dubai,Scotland , Singapore, Singapore,Scotland ,field,2,
2019,2019/10/19,ICCA Dubai,Bermuda, P.N.G., P.N.G., P.N.G.,field,,
2019,2019/10/19,ICCA 2 Dubai,Kenya ,Scotland,Scotland,Scotland,bat,31,
2019,2019/10/19,ICCA Dubai,Namibia , Netherlands, Netherlands, Netherlands,bat,44,
2019,2019/10/19,Abu Dhabi,U.A.E. ,Ireland,Ireland,U.A.E. ,field,,5
2019,2019/10/20,ICCA 2 Dubai,Bermuda, Singapore, Singapore,Bermuda,bat,,5
2019,2019/10/20,ICCA 2 Dubai,Namibia , P.N.G., P.N.G., P.N.G.,bat,81,
2019,2019/10/21,ICCA Dubai,Bermuda,Kenya,Kenya,Kenya,bat,45,
2019,2019/10/21,Tolerance Oval,Ireland ,Oman,Ireland ,Oman,field,35,
2019,2019/10/21,ICCA Dubai,P.N.G. , Scotland, Scotland, Scotland,bat,4,
2019,2019/10/22,ICCA Dubai,Namibia ,Scotland,Namibia ,Namibia ,field,24,
2019,2019/10/22,ICCA Dubai,Netherlands ,Singapore,Netherlands ,Singapore,bat,,5
2019,2019/10/23,ICCA 2 Dubai,Bermuda,Namibia,Namibia,Namibia,field,,6
2019,2019/10/23,Abu Dhabi,Canada , Ireland,Canada ,Canada ,bat,10,
2019,2019/10/23,ICCA 2 Dubai,Kenya ,Singapore,Kenya ,Singapore,bat,,7
2019,2019/10/24,Dubai (DSC),Bermuda,Scotland,Scotland,Bermuda,field,46,
2019,2019/10/24,ICCA Dubai,Netherlands , P.N.G.,Netherlands , P.N.G.,bat,,5
2019,2019/10/25,Tolerance Oval,Ireland , Jersey,Ireland ,Ireland ,field,,8
2019,2019/10/25,Dubai (DSC),Kenya ,Namibia,Namibia,Namibia,bat,87,
2019,2019/10/26,Dubai (DSC),Bermuda, Netherlands, Netherlands, Netherlands,bat,92,
2019,2019/10/26,Abu Dhabi,Ireland , Nigeria,Ireland , Nigeria,bat,,8
2019,2019/10/26,Dubai (DSC),Namibia , Singapore, Singapore, Singapore,field,87,
2019,2019/10/27,Adelaide,Australia, Sri Lanka,Australia, Sri Lanka,field,134,
2019,2019/10/27,Dubai (DSC),Kenya , P.N.G., P.N.G., P.N.G.,bat,45,
2019,2019/10/27,Dubai (DSC),Netherlands ,Scotland,Scotland,Scotland,bat,,4
2019,2019/10/29,Dubai (DSC),Namibia ,Oman,Oman,Oman,bat,54,
2019,2019/10/29,Dubai (DSC),U.A.E. , Netherlands, Netherlands, Netherlands,bat,,8
2019,2019/10/30,Brisbane,Australia, Sri Lanka,Australia, Sri Lanka,bat,,9
2019,2019/10/30,Dubai (DSC),U.A.E. , Scotland, Scotland, Scotland,bat,90,
2019,2019/10/31,ICCA Dubai,Oman , Scotland, Scotland, Scotland,bat,,5
2019,2019/11/01,Melbourne,Australia,Sri Lanka,Australia,Australia,field,,7
2019,2019/11/01,Dubai (DSC),Ireland , Netherlands, Netherlands, Netherlands,bat,21,
2019,2019/11/01,Dubai (DSC),Namibia , P.N.G., P.N.G., P.N.G.,bat,18,
2019,2019/11/01,Christchurch,New Zealand, England, England, England,field,,7
2019,2019/11/02,Dubai (DSC),Ireland , Namibia, Namibia, Namibia,bat,27,
2019,2019/11/02,Dubai (DSC),Netherlands , P.N.G., P.N.G., P.N.G.,bat,,7
2019,2019/11/03,Sydney,Australia, Pakistan, Pakistan, Pakistan,bat,-,-
2019,2019/11/03,Delhi,India, Bangladesh, Bangladesh, Bangladesh,bat,,7
2019,2019/11/03,Wellington,New Zealand, England,New Zealand, England,field,21,
2019,2019/11/05,Canberra,Australia, Pakistan, Pakistan, Pakistan,bat,,7
2019,2019/11/05,Nelson,New Zealand, England, England,New Zealand,bat,14,
2019,2019/11/07,Rajkot,India,Bangladesh,Bangladesh,Bangladesh,bat,,8
2019,2019/11/08,Perth,Australia,Pakistan,Pakistan,Pakistan,bat,,
2019,2019/11/08,Napier,New Zealand, England, England,New Zealand,field,76,
2019,2019/11/10,Nagpur,India, Bangladesh, Bangladesh, Bangladesh,bat,30,
2019,2019/11/10,Auckland,New Zealand, England,, England,field,-,-
2019,2019/11/14,Lucknow,Afghanistan,West Indies,West Indies,Afghanistan,field,30,
2019,2019/11/16,Lucknow,Afghanistan, West Indies, West Indies,Afghanistan,bat,41,
2019,2019/11/17,Lucknow,Afghanistan, West Indies, West Indies,Afghanistan,bat,29,
2019,2019/12/06,Hyderabad (Deccan),India, West Indies,India,India,field,,6
2019,2019/12/08,Thiruvananthapuram,India, West Indies, West Indies, West Indies,field,,8
2019,2019/12/11,Mumbai,India, West Indies,India, West Indies,field,67,
2020,2020/01/05,Guwahati,India , Sri Lanka, Sri Lanka,,,-,-
2020,2020/01/07,Indore,India , Sri Lanka,India ,India ,field,,7
2020,2020/01/10,Pune,India , Sri Lanka,India , Sri Lanka,field,78,
2020,2020/01/15,St George's,West Indies , Ireland, Ireland, Ireland,bat,4,
2020,2020/01/18,Basseterre,West Indies , Ireland,,West Indies ,field,-,-
2020,2020/01/19,Basseterre,West Indies , Ireland,West Indies , Ireland,bat,,9
2020,2020/01/24,Auckland,New Zealand , India, India, India,field,,6
2020,2020/01/24,Lahore,Pakistan , Bangladesh,Pakistan , Bangladesh,bat,,5
2020,2020/01/25,Lahore,Pakistan , Bangladesh,Pakistan , Bangladesh,bat,,9
2020,2020/01/26,Auckland,New Zealand , India, India,New Zealand,bat,,7
2020,2020/01/27,Lahore,Pakistan , Bangladesh,,,,-,-
2020,2020/01/29,Hamilton,New Zealand , India, India,New Zealand,field,-,-
2020,2020/01/31,Wellington,New Zealand , India,,New Zealand,field,-,-
2020,2020/02/02,Mount Maunganui,New Zealand , India, India,India,bat,7,
2020,2020/02/12,East London,South Africa , England,South Africa , England,field,1,
2020,2020/02/14,Durban,South Africa , England, England,South Africa ,field,2,
2020,2020/02/16,Centurion,South Africa , England, England,South Africa ,bat,,5
2020,2020/02/21,Johannesburg,South Africa , Australia, Australia,South Africa ,field,107,
2020,2020/02/23,Port Elizabeth,South Africa , Australia,South Africa ,South Africa ,bat,12,
2020,2020/02/26,Cape Town,South Africa , Australia, Australia,South Africa ,field,97,
2020,2020/03/04,Pallekele,Sri Lanka , West Indies, West Indies, West Indies,bat,25,
2020,2020/03/06,Greater Noida,Afghanistan , Ireland, Ireland, Ireland,bat,11,
2020,2020/03/06,Pallekele,Sri Lanka , West Indies, West Indies, West Indies,field,,7
2020,2020/03/08,Greater Noida,Afghanistan , Ireland,Afghanistan ,Afghanistan ,bat,21,
2020,2020/03/09,Dhaka,Bangladesh , Zimbabwe, Zimbabwe, Zimbabwe,bat,48,
2020,2020/03/10,Greater Noida,Afghanistan , Ireland,Afghanistan ,Ireland,bat,-,-
2020,2020/03/11,Dhaka,Bangladesh , Zimbabwe,, Zimbabwe,bat,,9
2020,2020/03/24,Dunedin,New Zealand , Australia,,,,-,-
2020,2020/03/25,Windhoek,Namibia , Netherlands,,,,-,-
2020,2020/03/26,Windhoek,Namibia , Netherlands,,,,-,-
2020,2020/03/27,Auckland,New Zealand , Australia,,,,-,-
2020,2020/03/28,Windhoek,Namibia , Netherlands,,,,-,-
2020,2020/03/29,Christchurch,New Zealand , Australia,,,,-,-
2020,2020/04/02,Bulawayo,Zimbabwe , Ireland,,,,-,-
2020,2020/04/04,Bulawayo,Zimbabwe , Ireland,,,,-,-
2020,2020/04/05,Bulawayo,Zimbabwe , Ireland,,,,-,-